{"cameraMode":{"drawMode":0,"name":"Shaded","section":"Shading Mode"},"sceneLighting":true,"audioPlay":false,"sceneViewState":{"showFog":true,"showMaterialUpdate":false,"showSkybox":true,"showFlares":true,"showImageEffects":true,"showParticleSystems":true},"in2DMode":false,"pivot":{"x":-289.7838134765625,"y":393.8032531738281,"z":494.0213317871094},"rotation":{"x":-0.24816185235977174,"y":-0.16816233098506928,"z":0.04369710013270378,"w":-0.9530796408653259},"size":2244.447021484375,"orthographic":false}