{"cameraMode":{"drawMode":0,"name":"Shaded","section":"Shading Mode"},"sceneLighting":true,"audioPlay":false,"sceneViewState":{"showFog":true,"showMaterialUpdate":false,"showSkybox":true,"showFlares":true,"showImageEffects":true,"showParticleSystems":true},"in2DMode":false,"pivot":{"x":295.8999938964844,"y":298.8999938964844,"z":-1490.0},"rotation":{"x":0.2876369059085846,"y":-0.0574064701795578,"z":0.0168771930038929,"w":0.9560890197753906},"size":321.2635803222656,"orthographic":false}