{"cameraMode":{"drawMode":0,"name":"Shaded","section":"Shading Mode"},"sceneLighting":true,"audioPlay":false,"sceneViewState":{"showFog":true,"showMaterialUpdate":false,"showSkybox":true,"showFlares":true,"showImageEffects":true,"showParticleSystems":true},"in2DMode":false,"pivot":{"x":367.81854248046877,"y":296.1996765136719,"z":-1715.5908203125},"rotation":{"x":-0.12698836624622346,"y":-0.6569779515266419,"z":0.11377424001693726,"w":-0.734597384929657},"size":180.921142578125,"orthographic":false}