{"cameraMode":{"drawMode":0,"name":"Shaded","section":"Shading Mode"},"sceneLighting":true,"audioPlay":false,"sceneViewState":{"showFog":true,"showMaterialUpdate":false,"showSkybox":true,"showFlares":true,"showImageEffects":true,"showParticleSystems":true},"in2DMode":false,"pivot":{"x":38.30781173706055,"y":155.07186889648438,"z":7.03564453125},"rotation":{"x":0.004687200300395489,"y":-0.9730949997901917,"z":0.22949627041816712,"w":0.01988925039768219},"size":41.690269470214847,"orthographic":false}