{"cameraMode":{"drawMode":0,"name":"Shaded","section":"Shading Mode"},"sceneLighting":true,"audioPlay":false,"sceneViewState":{"showFog":true,"showMaterialUpdate":false,"showSkybox":true,"showFlares":true,"showImageEffects":true,"showParticleSystems":true},"in2DMode":false,"pivot":{"x":284.6751708984375,"y":333.08392333984377,"z":-1731.71337890625},"rotation":{"x":0.05678015947341919,"y":0.13079696893692017,"z":0.0074497004970908169,"w":-0.9898633360862732},"size":238.07508850097657,"orthographic":false}